,subtopic,TotalGroundTruth,YesYes,YesNo,NoYes,NoNo,Recall,Precision,FalsePositive%,FalseNegative%
0,Overall Print Quality,121,84,37,25,1250,0.6942148760330579,0.7706422018348624,0.22935779816513763,0.30578512396694213
1,Color Print Quality,46,25,21,9,1341,0.5434782608695652,0.7352941176470589,0.2647058823529412,0.45652173913043476
2,Monochrome Print Quality,32,19,13,7,1357,0.59375,0.7307692307692307,0.2692307692307692,0.40625
