,subtopic,TotalGroundTruth,YesYes,YesNo,NoYes,NoNo,Recall,Precision,FalsePositive%,FalseNegative%
0,Overall Print Quality,121,80,41,28,1247,0.6611570247933884,0.7407407407407407,0.25925925925925924,0.33884297520661155
1,Color Print Quality,46,24,22,19,1331,0.5217391304347826,0.5581395348837209,0.4418604651162791,0.4782608695652174
2,Monochrome Print Quality,32,18,14,14,1350,0.5625,0.5625,0.4375,0.4375
