,subtopic,TotalGroundTruth,YesYes,YesNo,NoYes,NoNo,Recall,Precision,FalsePositive%,FalseNegative%
0,Overall Print Quality,121,81,40,39,1236,0.6694214876033058,0.675,0.325,0.3305785123966942
1,Color Print Quality,46,27,19,10,1340,0.5869565217391305,0.7297297297297297,0.2702702702702703,0.41304347826086957
2,Monochrome Print Quality,32,15,17,8,1356,0.46875,0.6521739130434783,0.34782608695652173,0.53125
