,subtopic,TotalGroundTruth,YesYes,YesNo,NoYes,NoNo,Recall,Precision,FalsePositive%,FalseNegative%
0,Overall Print Quality,121,81,40,29,1246,0.6694214876033058,0.7363636363636363,0.2636363636363636,0.3305785123966942
1,Color Print Quality,46,25,21,10,1340,0.5434782608695652,0.7142857142857143,0.2857142857142857,0.45652173913043476
2,Monochrome Print Quality,32,20,12,5,1359,0.625,0.8,0.2,0.375
