,subtopic,TotalGroundTruth,YesYes,YesNo,NoYes,NoNo,Recall,Precision,FalsePositive%,FalseNegative%
0,Overall Print Quality,121,77,44,24,1251,0.6363636363636364,0.7623762376237624,0.2376237623762376,0.36363636363636365
1,Color Print Quality,46,25,21,10,1340,0.5434782608695652,0.7142857142857143,0.2857142857142857,0.45652173913043476
2,Monochrome Print Quality,32,18,14,2,1362,0.5625,0.9,0.1,0.4375
