,subtopic,TotalGroundTruth,YesYes,YesNo,NoYes,NoNo,Recall,Precision,FalsePositive%,FalseNegative%
0,Overall Print Quality,121,91,30,30,1245,0.7520661157024794,0.7520661157024794,0.24793388429752067,0.24793388429752067
1,Color Print Quality,46,26,20,9,1341,0.5652173913043478,0.7428571428571429,0.2571428571428571,0.43478260869565216
2,Monochrome Print Quality,32,18,14,7,1357,0.5625,0.72,0.28,0.4375
