,subtopic,TotalGroundTruth,YesYes,YesNo,NoYes,NoNo,Recall,Precision,FalsePositive%,FalseNegative%
0,Overall Print Quality,121,80,41,24,1251,0.6611570247933884,0.7692307692307693,0.23076923076923078,0.33884297520661155
1,Color Print Quality,46,25,21,10,1340,0.5434782608695652,0.7142857142857143,0.2857142857142857,0.45652173913043476
2,Monochrome Print Quality,32,22,10,10,1354,0.6875,0.6875,0.3125,0.3125
