,subtopic,TotalGroundTruth,YesYes,YesNo,NoYes,NoNo,Recall,Precision,FalsePositive%,FalseNegative%
0,Overall Print Quality,121,85,36,29,1246,0.7024793388429752,0.7456140350877193,0.2543859649122807,0.2975206611570248
1,Color Print Quality,46,23,23,11,1339,0.5,0.6764705882352942,0.3235294117647059,0.5
2,Monochrome Print Quality,32,20,12,9,1355,0.625,0.6896551724137931,0.3103448275862069,0.375
