,subtopic,TotalGroundTruth,YesYes,YesNo,NoYes,NoNo,Recall,Precision,FalsePositive%,FalseNegative%
0,Overall Print Quality,121,72,49,15,1260,0.5950413223140496,0.8275862068965517,0.1724137931034483,0.4049586776859504
1,Color Print Quality,46,31,15,18,1332,0.6739130434782609,0.6326530612244898,0.3673469387755102,0.32608695652173914
2,Monochrome Print Quality,32,18,14,5,1359,0.5625,0.782608695652174,0.21739130434782608,0.4375
