,subtopic,TotalGroundTruth,YesYes,YesNo,NoYes,NoNo,Recall,Precision,FalsePositive%,FalseNegative%
0,Overall Print Quality,121,90,31,32,1243,0.743801652892562,0.7377049180327869,0.26229508196721313,0.256198347107438
1,Color Print Quality,46,35,11,38,1312,0.7608695652173914,0.4794520547945205,0.5205479452054794,0.2391304347826087
2,Monochrome Print Quality,32,8,24,21,1343,0.25,0.27586206896551724,0.7241379310344828,0.75
