,subtopic,TotalGroundTruth,YesYes,YesNo,NoYes,NoNo,Recall,Precision,FalsePositive%,FalseNegative%
0,Overall Print Quality,121,78,43,22,1253,0.6446280991735537,0.78,0.22,0.35537190082644626
1,Color Print Quality,46,26,20,9,1341,0.5652173913043478,0.7428571428571429,0.2571428571428571,0.43478260869565216
2,Monochrome Print Quality,32,16,16,3,1361,0.5,0.8421052631578947,0.15789473684210525,0.5
