,subtopic,TotalGroundTruth,YesYes,YesNo,NoYes,NoNo,Recall,Precision,FalsePositive%,FalseNegative%
0,Overall Print Quality,121,84,37,20,1255,0.6942148760330579,0.8076923076923077,0.19230769230769232,0.30578512396694213
1,Color Print Quality,46,24,22,5,1345,0.5217391304347826,0.8275862068965517,0.1724137931034483,0.4782608695652174
2,Monochrome Print Quality,32,20,12,3,1361,0.625,0.8695652173913043,0.13043478260869565,0.375
