,subtopic,TotalGroundTruth,YesYes,YesNo,NoYes,NoNo,Recall,Precision,FalsePositive%,FalseNegative%
0,Overall Print Quality,121,83,38,30,1245,0.6859504132231405,0.7345132743362832,0.26548672566371684,0.3140495867768595
1,Color Print Quality,46,29,17,22,1328,0.6304347826086957,0.5686274509803921,0.43137254901960786,0.3695652173913043
2,Monochrome Print Quality,32,18,14,6,1358,0.5625,0.75,0.25,0.4375
