,subtopic,TotalGroundTruth,YesYes,YesNo,NoYes,NoNo,Recall,Precision,FalsePositive%,FalseNegative%
0,Overall Print Quality,121,81,40,36,1239,0.6694214876033058,0.6923076923076923,0.3076923076923077,0.3305785123966942
1,Color Print Quality,46,27,19,9,1341,0.5869565217391305,0.75,0.25,0.41304347826086957
2,Monochrome Print Quality,32,14,18,18,1346,0.4375,0.4375,0.5625,0.5625
